{
	"credit": "Made with Blockbench",
	"parent": "phantom_membrane",
	"textures": {
		"0": "gold",
		"particle": "gold"
	},
	"gui_light":"front",
	"elements": [
		{
			"from": [0, 0, 8],
			"to": [16, 16, 8.1],
			"rotation": {"angle": 0, "axis": "y", "origin": [8, 8, 16]},
			"faces": {
				"north": {"uv": [0, 0, 7.31429, 16], "texture": "#0"},
				"south": {"uv": [8.50286, 0, 16, 16], "texture": "#0"}
			}
		}
	],
	"display": {
		"thirdperson_righthand": {
			"rotation": [0, -180, 0],
			"translation": [0, 1.25, 1],
			"scale": [0.16, 0.16, 0.55]
		},
		"thirdperson_lefthand": {
			"translation": [0, 1.25, 1],
			"scale": [0.16, 0.16, 0.55]
		},
		"firstperson_righthand": {
			"rotation": [0, -180, 0],
			"translation": [6.13, 2.25, -2.87],
			"scale": [0.45, 0.46, 0.68]
		},
		"firstperson_lefthand": {
			"translation": [6.13, 2.25, -2.87],
			"scale": [0.45, 0.45, 0.68]
		},
		"ground": {
			"translation": [0, 2, 0],
			"scale": [0.5, 0.5, 0.5]
		},
		"gui": {
			"rotation": [0, -180, 0],
			"scale": [0.9, 0.9, 1]
		},
		"head": {
			"translation": [0, -11, -5],
			"scale": [0.35, 0.35, 1]
		},
		"fixed": {
			"translation": [0, 0, -0.25],
			"scale": [0.7, 0.7, 1]
		}
	}
}