{
    "luatea.test.bgm1":{
        "category":"music",
        "sounds": [
            {
                "name":"luatea/test/testmusic_the_liberation_of_gracemeria_remix",
                "stream":true
            }
        ]
    },
    "luatea.test.bgm2":{
        "category":"music",
        "sounds": [
            {
                "name":"luatea/test/testmusic_zero_remix",
                "stream":true
            }
        ]
    },
    "luatea.test.bgm3":{
        "category":"music",
        "sounds": [
            {
                "name":"luatea/test/testmusic_priamill_klonoa_g1",
                "stream":true
            }
        ]
    },
    "luatea.test.bgm4":{
        "category":"music",
        "sounds": [
            {
                "name":"luatea/test/testmusic_sign_of_hero",
                "stream":true
            }
        ]
    },
    "luatea.test.bgm5":{
        "category":"music",
        "sounds": [
            {
                "name":"luatea/test/testmusic_dirtmouth_hollow_knight",
                "stream":true
            }
        ]
    },
    "luatea.test.bgm6":{
        "category":"music",
        "sounds": [
            {
                "name":"luatea/test/testmusic_onebottom_hollow_knight",
                "stream":true
            }
        ]
    },
    "luatea.bgm.safeplace.1":{
        "category":"music",
        "sounds": [
            {
                "name":"luatea/bgm/safeplace/david_peacock_reflection",
                "stream":true
            }
        ]
    }
}